City_ID,City,Country,Date,Lat,Lng,Max Temp,Humidity,Cloudiness,Wind Speed
0,Qaanaaq,GL,2022-10-14 15:02:24,77.484,-69.3632,23.22,96,100,7.45
1,Busselton,AU,2022-10-14 15:02:25,-33.65,115.3333,50.95,91,25,7.4
2,Margate,GB,2022-10-14 15:02:22,51.3813,1.3862,61.7,78,100,1.99
3,Lebu,CL,2022-10-14 15:02:26,-37.6167,-73.65,54.97,73,19,16.98
4,Glazunovka,RU,2022-10-14 15:02:27,52.4986,36.3275,43.65,63,58,3.8
5,Aguimes,ES,2022-10-14 15:02:28,27.9054,-15.4461,75.83,65,40,31.07
6,Arraial Do Cabo,BR,2022-10-14 15:02:28,-22.9661,-42.0278,73.92,83,12,17.09
7,Port Alfred,ZA,2022-10-14 15:02:29,-33.5906,26.891,65.17,92,99,4.0
8,Gambela,ET,2022-10-14 15:02:29,8.25,34.5833,79.88,79,100,0.89
9,Tasiilaq,GL,2022-10-14 15:02:29,65.6145,-37.6368,32.16,63,0,9.13
10,Coquimbo,CL,2022-10-14 15:02:30,-29.9533,-71.3436,63.55,63,0,5.26
11,Ushuaia,AR,2022-10-14 14:59:46,-54.8,-68.3,51.46,58,20,17.27
12,Souillac,MU,2022-10-14 15:01:06,-20.5167,57.5167,70.95,70,2,13.15
13,Chapais,CA,2022-10-14 15:02:31,49.7834,-74.8492,49.78,84,97,8.25
14,Jamestown,US,2022-10-14 14:59:56,42.097,-79.2353,51.03,76,3,8.01
15,Noyabrsk,RU,2022-10-14 15:02:32,63.1994,75.4507,35.94,78,99,15.3
16,Kutum,SD,2022-10-14 15:02:33,14.2,24.6667,86.79,17,30,10.36
17,Bredasdorp,ZA,2022-10-14 15:02:33,-34.5322,20.0403,58.62,81,100,12.15
18,Nioro,GM,2022-10-14 15:02:34,13.35,-15.75,90.5,55,41,4.81
19,Manicore,BR,2022-10-14 15:02:34,-5.8092,-61.3003,83.95,65,98,1.72
20,Punta Arenas,CL,2022-10-14 14:59:59,-53.15,-70.9167,51.91,62,20,21.85
21,Saint-Philippe,RE,2022-10-14 15:02:35,-21.3585,55.7679,72.99,73,34,11.99
22,Dikson,RU,2022-10-14 15:02:35,73.5069,80.5464,33.48,99,100,26.55
23,Ribeira Grande,PT,2022-10-14 15:02:35,38.5167,-28.7,77.4,73,75,9.22
24,Cape Town,ZA,2022-10-14 15:01:31,-33.9258,18.4232,66.34,76,95,17.0
25,Sladkovicovo,SK,2022-10-14 15:02:36,48.2014,17.6385,66.97,60,82,3.91
26,Binga,ZW,2022-10-14 15:02:37,-17.6203,27.3414,89.91,23,5,8.46
27,Kapoeta,SS,2022-10-14 15:02:37,4.7717,33.5903,91.67,29,77,11.43
28,Port Elizabeth,ZA,2022-10-14 15:02:37,-33.918,25.5701,68.09,99,99,1.01
29,Mikhaylovka,RU,2022-10-14 15:02:39,50.06,43.2379,45.79,56,86,6.91
30,Lucea,JM,2022-10-14 15:02:39,18.451,-78.1736,84.85,65,100,2.8
31,Saint-Augustin,CA,2022-10-14 15:02:40,51.226,-58.6502,55.47,67,78,6.13
32,Marawi,PH,2022-10-14 15:02:40,7.9986,124.2928,69.98,93,100,5.06
33,Vestmannaeyjar,IS,2022-10-14 15:02:40,63.4427,-20.2734,45.59,61,20,6.91
34,Hithadhoo,MV,2022-10-14 15:02:41,-0.6,73.0833,82.17,70,8,17.58
35,Victoria,HK,2022-10-14 15:00:29,22.2855,114.1577,80.65,78,11,5.99
36,Georgetown,MY,2022-10-14 15:02:04,5.4112,100.3354,83.23,85,40,0.0
37,Hermanus,ZA,2022-10-14 15:02:41,-34.4187,19.2345,60.8,81,100,17.0
38,Sao Filipe,CV,2022-10-14 15:02:42,14.8961,-24.4956,79.21,78,61,5.73
39,Proti,GR,2022-10-14 15:02:42,40.95,24.0,62.85,30,100,4.56
40,Boa Vista,BR,2022-10-14 15:02:42,2.8197,-60.6733,87.44,60,94,6.08
41,Trincomalee,LK,2022-10-14 15:02:43,8.5711,81.2335,81.28,75,73,12.8
42,Bandipur,NP,2022-10-14 15:02:43,27.9333,84.4167,61.86,90,0,1.07
43,Riyadh,SA,2022-10-14 15:02:44,24.6877,46.7219,89.74,15,0,6.38
44,Marinette,US,2022-10-14 15:02:44,45.1,-87.6307,41.45,87,20,8.05
45,Thompson,CA,2022-10-14 15:02:44,55.7435,-97.8558,33.96,100,100,8.05
46,Vilhena,BR,2022-10-14 15:01:25,-12.7406,-60.1458,89.26,38,100,3.65
47,Alexander City,US,2022-10-14 15:03:45,32.944,-85.9539,69.19,67,0,0.0
48,Kruisfontein,ZA,2022-10-14 15:03:45,-34.0033,24.7314,65.88,66,75,11.39
49,Estelle,US,2022-10-14 15:03:46,29.8458,-90.1067,78.01,56,0,5.75
50,Adrar,MR,2022-10-14 15:03:46,20.5022,-10.0711,94.89,15,100,1.97
51,Atar,MR,2022-10-14 15:03:46,20.5169,-13.0499,97.59,16,56,6.11
52,Kargasok,RU,2022-10-14 15:03:47,59.0556,80.8572,33.62,78,98,9.15
53,Drumnadrochit,GB,2022-10-14 15:03:47,57.3344,-4.4799,51.58,77,75,7.63
54,Ilulissat,GL,2022-10-14 15:03:48,69.2167,-51.1,23.02,58,75,16.11
55,Kamenka,RU,2022-10-14 15:03:48,51.3223,42.7678,43.36,67,78,10.36
56,Bonthe,SL,2022-10-14 15:03:49,7.5264,-12.505,84.92,65,71,10.36
57,Trenton,US,2022-10-14 15:02:29,40.217,-74.7429,60.91,85,40,6.91
58,Cap Malheureux,MU,2022-10-14 15:03:49,-19.9842,57.6142,72.46,65,1,8.99
59,Antofagasta,CL,2022-10-14 15:00:06,-23.65,-70.4,62.73,66,20,5.82
60,Brigantine,US,2022-10-14 15:03:49,39.4101,-74.3646,60.21,82,75,9.22
61,Saint-Pierre,RE,2022-10-14 15:03:50,-21.3393,55.4781,73.08,64,0,17.27
62,Muros,ES,2022-10-14 15:03:50,42.7762,-9.0603,67.08,89,52,7.72
63,Correntina,BR,2022-10-14 15:03:50,-13.3433,-44.6367,95.2,19,11,6.89
64,Camargo,MX,2022-10-14 15:03:51,27.6667,-105.1667,71.65,45,2,11.81
65,Luderitz,NA,2022-10-14 15:03:51,-26.6481,15.1594,71.22,52,98,25.39
66,Nanortalik,GL,2022-10-14 15:03:52,60.1432,-45.2371,34.66,66,2,7.47
67,Barcelos,PT,2022-10-14 15:03:52,41.5388,-8.6151,75.92,67,9,8.46
68,Chuy,UY,2022-10-14 15:03:52,-33.6971,-53.4616,58.82,44,14,11.79
69,Podyuga,RU,2022-10-14 15:03:53,61.095,40.8647,41.59,86,98,4.65
70,Ferme-Neuve,CA,2022-10-14 15:03:53,46.7001,-75.4493,50.85,75,7,7.29
71,Buchanan,LR,2022-10-14 15:03:53,5.8808,-10.0467,79.29,80,100,7.76
72,Yar-Sale,RU,2022-10-14 15:03:54,66.8333,70.8333,41.49,90,100,9.35
73,Byumba,RW,2022-10-14 15:03:54,-1.5763,30.0675,75.4,53,80,1.23
74,Shujaabad,PK,2022-10-14 15:03:54,29.8797,71.2931,82.45,18,0,4.03
75,Millbrook,US,2022-10-14 15:03:55,32.4799,-86.3619,68.32,52,0,0.0
76,Camacha,PT,2022-10-14 15:03:55,33.0833,-16.3333,71.02,68,40,18.41
77,Quatre Cocos,MU,2022-10-14 15:03:55,-20.2078,57.7625,72.09,71,10,14.45
78,Arroio Grande,BR,2022-10-14 15:03:56,-32.2375,-53.0869,62.51,48,5,13.58
79,Comodoro Rivadavia,AR,2022-10-14 15:02:29,-45.8667,-67.5,56.16,46,2,7.09
80,Kathmandu,NP,2022-10-14 14:59:51,27.7167,85.3167,66.42,88,20,3.44
81,Havoysund,NO,2022-10-14 15:03:56,70.9963,24.6622,41.23,80,99,13.27
82,Ancud,CL,2022-10-14 15:03:57,-41.8697,-73.8203,53.78,70,14,2.44
83,Cayenne,GF,2022-10-14 15:03:57,4.9333,-52.3333,87.84,62,40,12.66
84,Zelezna Ruda,CZ,2022-10-14 15:03:57,49.1374,13.2352,59.2,88,83,3.04
85,Vorchdorf,AT,2022-10-14 15:03:58,48.0039,13.9212,62.35,79,52,3.8
86,Oriximina,BR,2022-10-14 15:03:58,-1.7656,-55.8661,94.35,44,72,5.46
87,Semey,KZ,2022-10-14 15:03:59,50.4111,80.2275,50.23,39,13,7.31
88,Chambery,FR,2022-10-14 15:03:59,45.5667,5.9333,66.34,85,100,3.44
89,Hambantota,LK,2022-10-14 15:03:59,6.1241,81.1185,77.34,100,75,5.75
90,Sisak,HR,2022-10-14 15:04:00,45.4661,16.3783,66.18,63,39,3.38
91,Artyom,AZ,2022-10-14 15:04:00,40.4723,50.333,68.14,61,52,11.32
92,Torbay,CA,2022-10-14 15:03:19,47.6666,-52.7314,61.88,78,39,4.0
93,Sao Joao Da Barra,BR,2022-10-14 15:05:01,-21.6403,-41.0511,84.29,75,6,14.45
94,Kashan,IR,2022-10-14 15:05:01,33.9831,51.4364,78.31,18,9,2.42
95,Sao Felix Do Xingu,BR,2022-10-14 15:00:54,-6.6447,-51.995,100.44,27,64,3.22
96,Vallenar,CL,2022-10-14 15:05:02,-28.5708,-70.7581,77.92,28,0,7.07
97,Iqaluit,CA,2022-10-14 15:00:14,63.7506,-68.5145,29.93,74,75,8.05
98,Iquitos,PE,2022-10-14 15:05:03,-3.7481,-73.2472,86.04,84,0,4.61
99,Yafran,LY,2022-10-14 15:05:03,32.0633,12.5286,72.79,49,19,15.32
100,Namibe,AO,2022-10-14 15:05:04,-15.1961,12.1522,71.49,76,33,10.94
101,Emba,KZ,2022-10-14 15:05:04,48.8264,58.1442,52.11,47,100,6.4
102,Nacala,MZ,2022-10-14 15:05:05,-14.5428,40.6728,77.79,64,0,7.92
103,Acari,PE,2022-10-14 15:05:05,-15.4311,-74.6158,72.79,43,1,8.41
104,Andra,RU,2022-10-14 15:05:05,62.5147,65.8878,42.1,78,100,9.31
105,Williamsburg,US,2022-10-14 15:05:06,37.2707,-76.7075,63.81,68,83,1.01
106,Hamilton,US,2022-10-14 15:00:14,39.1834,-84.5333,57.99,52,0,3.0
107,Albanel,CA,2022-10-14 15:05:06,48.8832,-72.4487,49.59,96,100,6.71
108,Sao Gabriel Da Cachoeira,BR,2022-10-14 15:05:07,-0.1303,-67.0892,88.27,56,95,4.63
109,Punta Cardon,VE,2022-10-14 15:05:07,11.6581,-70.215,85.12,67,27,16.44
110,Ostrovnoy,RU,2022-10-14 15:05:08,68.0531,39.5131,43.39,94,100,4.99
111,Verkhnyaya Inta,RU,2022-10-14 15:05:08,65.9811,60.3094,40.78,92,100,2.57
112,Surt,LY,2022-10-14 15:05:09,31.2089,16.5887,77.0,64,0,20.31
113,Honningsvag,NO,2022-10-14 15:05:09,70.9821,25.9704,40.75,93,100,6.91
114,Amapa,BR,2022-10-14 15:05:09,1.0,-52.0,92.84,42,62,6.35
115,Krosno,PL,2022-10-14 15:05:10,49.6887,21.7706,59.63,87,100,6.04
116,Dalbandin,PK,2022-10-14 15:05:10,28.8947,64.4101,74.84,8,0,2.77
117,Naryan-Mar,RU,2022-10-14 15:05:11,67.6713,53.087,39.43,77,100,12.08
118,Camopi,GF,2022-10-14 15:05:11,3.1655,-52.3158,91.27,45,75,5.46
119,Moa,CU,2022-10-14 15:05:12,20.6569,-74.9403,85.48,65,56,2.73
120,Narsaq,GL,2022-10-14 15:05:12,60.9167,-46.05,32.22,61,0,5.97
121,Pozzallo,IT,2022-10-14 15:05:12,36.7305,14.8499,77.65,46,65,15.12
122,Salalah,OM,2022-10-14 15:05:13,17.0151,54.0924,80.69,78,40,6.91
123,Mar Del Plata,AR,2022-10-14 15:04:42,-38.0023,-57.5575,54.95,57,0,10.36
124,Barwadih,IN,2022-10-14 15:05:14,23.8333,84.1167,71.49,88,25,3.31
125,Sorland,NO,2022-10-14 15:05:14,67.667,12.6934,48.06,64,100,20.56
126,Jeremie,HT,2022-10-14 15:05:14,18.65,-74.1167,85.35,62,58,4.21
127,Balod,IN,2022-10-14 15:05:15,20.73,81.2047,74.01,89,7,5.28
128,Mahibadhoo,MV,2022-10-14 15:05:16,3.7833,72.9667,80.08,81,100,24.56
129,Ponta Do Sol,PT,2022-10-14 15:05:16,32.6667,-17.1,75.83,64,40,2.57
130,Jais,IN,2022-10-14 15:05:16,26.25,81.5333,76.17,60,0,3.31
131,Seydi,TM,2022-10-14 15:05:17,39.4816,62.9137,71.94,26,84,9.37
132,Bandarbeyla,SO,2022-10-14 15:05:17,9.4942,50.8122,78.06,85,4,19.66
133,Upata,VE,2022-10-14 15:05:17,8.0086,-62.3989,82.31,62,63,3.69
134,Vila Franca Do Campo,PT,2022-10-14 15:00:35,37.7167,-25.4333,73.81,73,90,9.28
135,Maues,BR,2022-10-14 15:05:18,-3.3836,-57.7186,89.42,57,92,4.25
136,Barsovo,RU,2022-10-14 15:05:19,61.1667,73.1667,41.13,74,100,12.08
137,Trinitapoli,IT,2022-10-14 15:05:19,41.3572,16.0874,69.98,62,7,9.98
138,Ibaiti,BR,2022-10-14 15:01:44,-23.8486,-50.1878,68.31,76,100,5.3
139,East London,ZA,2022-10-14 15:06:19,-33.0153,27.9116,67.01,75,100,8.93
140,Pangnirtung,CA,2022-10-14 15:06:20,66.1451,-65.7125,31.57,54,100,3.11
141,Klaksvik,FO,2022-10-14 15:06:20,62.2266,-6.589,45.52,88,100,22.77
142,Kavaratti,IN,2022-10-14 15:06:21,10.5669,72.642,82.53,68,65,5.73
143,Sakakah,SA,2022-10-14 15:06:21,29.9697,40.2064,85.46,20,0,7.67
144,Pangody,RU,2022-10-14 15:06:21,65.85,74.4859,39.76,80,99,13.8
145,Bathsheba,BB,2022-10-14 15:06:22,13.2167,-59.5167,88.41,70,20,12.66
146,Cidreira,BR,2022-10-14 15:06:22,-30.1811,-50.2056,63.27,70,100,14.18
147,Bom Jesus,BR,2022-10-14 15:06:23,-9.0744,-44.3586,100.71,22,17,6.69
148,Pomezia,IT,2022-10-14 15:06:23,41.667,12.5052,76.57,65,0,10.36
149,Archis,RO,2022-10-14 15:06:23,46.4833,22.05,61.27,55,64,4.61
150,Bilma,NE,2022-10-14 15:06:24,18.6853,12.9164,95.94,8,0,4.74
151,Upernavik,GL,2022-10-14 15:06:24,72.7868,-56.1549,26.92,76,100,29.24
152,Gat,IL,2022-10-14 15:06:25,31.61,34.7642,77.68,100,1,10.83
153,Saint George,US,2022-10-14 15:06:02,37.1041,-113.5841,64.8,31,0,8.05
154,Shubarkuduk,KZ,2022-10-14 15:06:25,49.1447,56.4872,52.29,46,100,5.82
155,Castro,BR,2022-10-14 15:01:47,-24.7911,-50.0119,58.69,97,100,5.73
156,Pavlogradka,RU,2022-10-14 15:06:27,54.2024,73.5592,49.08,41,83,11.83
157,Chicama,PE,2022-10-14 15:06:28,-7.8447,-79.1469,59.54,61,8,7.43
158,Paramonga,PE,2022-10-14 15:06:28,-10.6667,-77.8333,64.56,72,2,10.45
159,Awbari,LY,2022-10-14 15:06:29,26.5921,12.7805,90.93,15,27,6.04
160,Mayfield,US,2022-10-14 15:06:29,36.7417,-88.6367,62.92,44,0,5.75
161,Urucui,BR,2022-10-14 15:06:30,-7.2294,-44.5561,100.47,23,83,10.0
162,Sainte-Suzanne,RE,2022-10-14 15:06:30,-20.9061,55.6089,73.62,67,39,18.41
163,San Carlos De Bariloche,AR,2022-10-14 15:06:30,-41.1456,-71.3082,54.25,57,50,2.51
164,Catumbela,AO,2022-10-14 15:06:31,-12.4314,13.5472,78.12,70,21,6.71
165,San Ramon,US,2022-10-14 15:04:52,37.7799,-121.978,55.62,94,100,1.99
166,Muscle Shoals,US,2022-10-14 15:06:32,34.7448,-87.6675,65.25,57,0,4.61
167,Teguise,ES,2022-10-14 15:06:32,29.0605,-13.564,75.42,69,40,20.71
168,Sinop,TR,2022-10-14 15:06:33,41.7711,34.8709,52.16,74,100,4.03
169,Lubartow,PL,2022-10-14 15:06:33,51.4603,22.6095,57.88,60,98,6.64
170,Bubaque,GW,2022-10-14 15:06:34,11.2833,-15.8333,82.63,73,82,8.86
171,Hobyo,SO,2022-10-14 15:06:35,5.3505,48.5268,78.57,81,8,19.17
172,Nouadhibou,MR,2022-10-14 15:06:35,20.931,-17.0347,70.81,85,0,20.98
173,Bugulma,RU,2022-10-14 15:02:28,54.55,52.8,42.6,88,100,9.78
174,Kalangala,UG,2022-10-14 15:06:35,-0.3089,32.225,74.71,63,100,7.49
175,Kudahuvadhoo,MV,2022-10-14 15:06:36,2.6708,72.8944,81.18,76,100,23.15
176,Longyearbyen,SJ,2022-10-14 15:02:49,78.2186,15.6401,24.64,68,75,11.5
177,Mtama,TZ,2022-10-14 15:06:36,-10.3,39.3667,78.33,57,3,11.18
178,Marsh Harbour,BS,2022-10-14 15:05:44,26.5412,-77.0636,78.78,75,100,8.81
179,Pemba,MZ,2022-10-14 15:06:37,-12.974,40.5178,77.52,66,0,8.57
180,Nador,MA,2022-10-14 15:06:37,35.174,-2.9287,73.65,78,20,9.22
181,Abha,SA,2022-10-14 15:06:37,18.2164,42.5053,64.65,68,40,6.91
182,Krasnoselkup,RU,2022-10-14 15:06:38,65.7,82.4667,34.39,88,92,15.93
183,Gubkinskiy,RU,2022-10-14 15:06:38,64.434,76.5026,36.77,80,99,15.9
184,Rawson,AR,2022-10-14 15:07:39,-43.3002,-65.1023,60.96,34,0,8.14
185,Beloha,MG,2022-10-14 15:07:39,-25.1667,45.05,79.11,48,0,12.5
186,Nilagiri,IN,2022-10-14 15:07:39,21.4582,86.7722,78.21,85,21,1.14
187,Brae,GB,2022-10-14 15:03:15,60.3964,-1.353,49.41,70,100,21.05
188,Havre-Saint-Pierre,CA,2022-10-14 15:07:40,50.2334,-63.5986,51.89,83,83,13.73
189,Bambui,BR,2022-10-14 15:07:15,-20.0064,-45.9769,88.3,27,29,6.82
190,Abu Dhabi,AE,2022-10-14 15:05:00,24.4667,54.3667,87.91,68,0,13.02
191,Kuurne,BE,2022-10-14 15:07:41,50.8599,3.2708,64.04,73,100,5.21
192,Belmonte,BR,2022-10-14 15:07:41,-15.8631,-38.8828,80.44,65,81,6.8
193,Trelleborg,SE,2022-10-14 15:07:42,55.3751,13.1569,57.97,86,59,8.39
194,Miquelon,PM,2022-10-14 15:07:42,47.0975,-56.3814,59.0,78,50,6.87
195,Monte Azul,BR,2022-10-14 15:07:42,-15.155,-42.8747,91.65,21,4,7.87
196,Storforshei,NO,2022-10-14 15:07:43,66.4043,14.5233,46.18,61,40,10.36
197,Kidal,ML,2022-10-14 15:07:43,18.4411,1.4078,100.15,8,0,10.49
198,Gopalpur,IN,2022-10-14 15:07:43,19.2667,84.9167,79.97,82,10,5.28
199,Savannah Bight,HN,2022-10-14 15:07:44,16.45,-85.85,82.2,79,100,13.51
200,Jalor,IN,2022-10-14 15:07:44,25.35,72.6167,85.03,26,0,3.04
201,Saint-Joseph,RE,2022-10-14 15:07:44,-21.3667,55.6167,71.98,73,38,12.21
202,Codrington,AU,2022-10-14 15:07:45,-38.2667,141.9667,45.23,96,19,9.48
203,Lagoa,PT,2022-10-14 15:03:10,39.05,-27.9833,69.67,90,90,11.5
204,Lujan,AR,2022-10-14 15:06:04,-34.5703,-59.105,61.83,50,86,4.0
205,Kirkwall,GB,2022-10-14 15:07:45,58.9848,-2.9587,48.25,76,40,10.36
206,Pondicherry,IN,2022-10-14 15:07:46,11.93,79.83,81.46,77,38,7.65
207,Road Town,VG,2022-10-14 15:07:46,18.4167,-64.6167,87.89,66,40,6.91
208,Fomboni,KM,2022-10-14 15:07:47,-12.28,43.7425,77.02,70,0,7.31
209,Bardiyah,LY,2022-10-14 15:07:47,31.7561,25.0865,80.28,48,98,4.0
210,Bunia,CD,2022-10-14 15:07:47,1.5667,30.25,74.68,67,30,3.15
211,Grand-Santi,GF,2022-10-14 15:07:48,4.25,-54.3833,86.29,60,96,4.7
212,Vardo,NO,2022-10-14 15:07:48,70.3705,31.1107,37.38,100,75,2.3
213,Ghanzi,BW,2022-10-14 15:07:48,-21.5667,21.7833,95.23,8,85,12.19
214,Clyde River,CA,2022-10-14 15:07:49,70.4692,-68.5914,20.23,85,76,3.67
215,Yarumela,HN,2022-10-14 15:07:49,14.3333,-87.6333,79.09,79,99,1.3
216,Ondjiva,AO,2022-10-14 15:07:49,-17.0667,15.7333,97.66,13,77,9.13
217,Nurobod,UZ,2022-10-14 15:07:49,40.9056,69.8023,64.36,17,65,3.06
218,Andenes,NO,2022-10-14 15:07:50,69.3143,16.1194,44.58,70,20,4.61
219,Parana,AR,2022-10-14 15:07:50,-31.732,-60.5238,64.45,32,97,14.05
220,Darnah,LY,2022-10-14 15:07:50,32.767,22.6367,75.67,60,67,14.09
221,Berlevag,NO,2022-10-14 15:07:51,70.8578,29.0864,35.6,86,40,5.75
222,Ondarroa,ES,2022-10-14 15:07:51,43.3167,-2.4167,75.52,70,21,3.42
223,Mahebourg,MU,2022-10-14 15:07:52,-20.4081,57.7,72.25,70,6,13.98
224,Pointe Michel,DM,2022-10-14 15:07:52,15.25,-61.3833,82.31,71,12,7.27
225,Saldanha,ZA,2022-10-14 15:07:52,-33.0117,17.9442,61.36,79,62,29.3
226,Acarau,BR,2022-10-14 15:07:53,-2.8856,-40.12,89.29,52,18,20.02
227,Bengkulu,ID,2022-10-14 15:07:53,-3.8004,102.2655,75.34,89,100,3.8
228,Onverwacht,SR,2022-10-14 15:08:53,5.5833,-55.1833,90.86,62,40,9.22
229,Balkhash,KZ,2022-10-14 15:08:54,46.844,74.9804,53.28,41,88,1.7
230,Mantua,IT,2022-10-14 15:08:54,45.1667,10.7833,72.09,62,100,1.99
231,Severnyy,RU,2022-10-14 15:08:54,50.677,36.5532,46.44,53,0,4.47
232,Olafsvik,IS,2022-10-14 15:08:55,64.8945,-23.7142,40.06,81,88,32.03
233,Farmington,US,2022-10-14 15:04:54,36.7281,-108.2187,47.08,53,0,6.91
234,Pontes E Lacerda,BR,2022-10-14 15:08:55,-15.2261,-59.3353,86.99,53,100,4.43
235,Kalmunai,LK,2022-10-14 15:08:56,7.4167,81.8167,77.86,88,95,7.67
236,Semirom,IR,2022-10-14 15:08:56,31.4167,51.5667,56.37,19,0,1.28
237,Roald,NO,2022-10-14 15:08:56,62.5833,6.1333,51.33,71,75,8.05
238,Ihosy,MG,2022-10-14 15:07:27,-22.4,46.1167,72.18,51,12,16.42
239,Florence,IT,2022-10-14 15:08:57,43.7667,11.25,75.36,74,0,3.44
240,Kannauj,IN,2022-10-14 15:06:16,27.0546,79.922,77.13,59,0,4.81
241,Mattru,SL,2022-10-14 15:08:57,7.6244,-11.8332,85.5,63,86,1.88
242,Knysna,ZA,2022-10-14 15:08:58,-34.0363,23.0471,65.37,78,79,10.65
243,Svetlyy,RU,2022-10-14 15:08:58,54.675,20.1347,57.25,71,25,5.37
244,Aleksandrovskoye,RU,2022-10-14 15:08:58,44.7142,43.0008,59.83,56,100,3.87
245,Los Llanos De Aridane,ES,2022-10-14 15:08:59,28.6585,-17.9182,73.15,75,20,19.57
246,Strezhevoy,RU,2022-10-14 15:08:59,60.7333,77.5889,35.62,79,100,9.86
247,Tabou,CI,2022-10-14 15:08:59,4.423,-7.3528,78.84,84,45,10.6
248,Boende,CD,2022-10-14 15:09:00,-0.2167,20.8667,87.96,52,68,0.98
249,Caravelas,BR,2022-10-14 15:09:00,-17.7125,-39.2481,83.16,57,51,9.4
250,Baghdad,IQ,2022-10-14 15:07:26,33.3406,44.4009,87.71,23,0,5.75
251,Englewood,US,2022-10-14 15:09:01,39.6478,-104.9878,65.25,33,20,3.44
252,Cartagena Del Chaira,CO,2022-10-14 15:04:04,1.3349,-74.8429,90.32,47,53,4.81
253,Wladyslawowo,PL,2022-10-14 15:09:01,54.7909,18.4009,61.93,70,15,1.99
254,Turayf,SA,2022-10-14 15:05:58,31.6725,38.6637,77.43,27,0,9.28
255,Faya,SA,2022-10-14 15:09:02,18.3851,42.4509,64.92,46,4,5.28
256,Mahon,ES,2022-10-14 15:09:02,39.8885,4.2658,75.76,73,20,10.36
257,Massakory,TD,2022-10-14 15:09:02,12.996,15.7293,99.3,10,78,15.61
258,Soma,TR,2022-10-14 15:09:03,39.1855,27.6094,66.49,60,100,6.67
259,Serafimovskiy,RU,2022-10-14 15:09:03,54.4241,53.7964,43.74,83,100,8.9
260,Gazojak,TM,2022-10-14 15:09:04,41.1875,61.4036,66.58,25,100,10.85
261,Lenger,KZ,2022-10-14 15:09:04,42.183,69.8839,58.44,22,82,4.25
262,Ampanihy,MG,2022-10-14 15:09:04,-24.7,44.75,82.0,42,9,13.65
263,Novyy Karachay,RU,2022-10-14 15:09:05,43.8208,41.9032,51.01,82,100,1.7
264,Requena,ES,2022-10-14 15:09:05,39.4883,-1.1004,79.79,28,9,8.57
265,Sines,PT,2022-10-14 15:09:06,37.9562,-8.8698,69.3,78,9,5.01
266,Zaragoza,ES,2022-10-14 15:07:07,41.6561,-0.8773,80.85,38,0,7.0
267,Havelock,US,2022-10-14 15:09:06,34.8791,-76.9013,67.93,91,100,9.22
268,Kankon,IN,2022-10-14 15:09:07,15.0167,74.0167,79.21,88,100,3.49
269,Tuscaloosa,US,2022-10-14 15:07:40,33.2098,-87.5692,66.04,68,0,3.44
270,Candolim,IN,2022-10-14 15:09:07,15.5181,73.7626,79.52,85,100,1.34
271,Savonlinna,FI,2022-10-14 15:09:07,61.8699,28.88,50.05,87,100,4.61
272,Touros,BR,2022-10-14 15:09:08,-5.1989,-35.4608,85.95,53,7,19.1
273,Bud,US,2022-10-14 15:09:08,39.447,-86.1758,55.35,45,0,16.02
274,Aksarka,RU,2022-10-14 15:10:09,66.5606,67.7975,40.82,93,99,7.07
275,Itarema,BR,2022-10-14 15:10:09,-2.9248,-39.9167,89.01,50,25,19.95
276,Puerto Asis,CO,2022-10-14 15:10:10,0.5133,-76.5007,90.66,49,34,1.5
277,Zaruma,EC,2022-10-14 15:10:10,-3.6833,-79.6167,57.15,54,91,6.08
278,George,ZA,2022-10-14 15:10:10,-33.963,22.4617,60.35,94,100,12.66
279,Mizan Teferi,ET,2022-10-14 15:10:11,6.9833,35.5833,64.9,94,25,0.25
280,Praia Da Vitoria,PT,2022-10-14 15:10:11,38.7333,-27.0667,74.75,88,91,11.12
281,Muzhi,RU,2022-10-14 15:10:12,65.3667,64.6667,41.04,89,98,3.69
282,Mala,PE,2022-10-14 15:10:12,-12.6581,-76.6308,66.52,64,28,7.58
283,Winchester,GB,2022-10-14 15:10:12,51.0651,-1.3187,60.49,87,40,4.61
284,Agadir,MA,2022-10-14 15:08:39,30.4202,-9.5982,88.25,32,0,8.95
285,Hit,IQ,2022-10-14 15:10:13,33.6416,42.8251,84.63,17,0,3.83
286,Dwarka,IN,2022-10-14 15:10:13,22.2394,68.9678,83.68,60,2,17.49
287,Tevriz,RU,2022-10-14 15:10:13,57.509,72.4042,46.17,48,99,10.65
288,Naples,IT,2022-10-14 15:07:46,40.8333,14.25,73.62,65,20,9.22
289,Alizai,PK,2022-10-14 15:10:14,33.5383,70.3462,70.61,31,0,1.72
290,Padampur,IN,2022-10-14 15:10:15,29.6833,73.6167,83.66,21,0,3.33
291,Dingle,PH,2022-10-14 15:10:15,10.9995,122.6711,76.84,89,66,4.25
292,Iroquois Falls,CA,2022-10-14 15:10:16,48.7669,-80.6831,45.16,79,53,9.69
293,San Ramon De La Nueva Oran,AR,2022-10-14 15:10:16,-23.1322,-64.326,78.42,23,11,5.48
294,Makinsk,KZ,2022-10-14 15:10:16,52.6292,70.4169,53.29,44,97,6.89
295,Necochea,AR,2022-10-14 15:10:17,-38.5473,-58.7368,56.3,39,94,4.68
296,Grindavik,IS,2022-10-14 15:10:17,63.8424,-22.4338,44.55,65,0,19.57
297,The Valley,AI,2022-10-14 15:10:18,18.217,-63.0578,87.66,72,31,11.68
298,Santa Helena,BR,2022-10-14 15:05:21,-2.2311,-45.3,86.5,64,94,7.49
299,Cognac,FR,2022-10-14 15:10:18,45.5,-0.25,66.97,88,100,17.27
300,Damavand,IR,2022-10-14 15:10:18,35.7178,52.065,58.44,28,0,3.71
301,Camana,PE,2022-10-14 15:10:19,-16.6228,-72.7111,65.01,62,0,7.67
302,Dankov,RU,2022-10-14 15:10:19,53.2515,39.1555,42.06,60,45,4.0
303,Matara,LK,2022-10-14 15:10:20,5.9485,80.5353,77.05,91,100,8.79
304,San Cristobal,VE,2022-10-14 15:10:06,7.7669,-72.225,73.58,52,98,3.4
305,Pisco,PE,2022-10-14 15:10:20,-13.7,-76.2167,63.01,77,0,10.36
306,Coihaique,CL,2022-10-14 15:10:21,-45.5752,-72.0662,53.55,47,20,8.05
307,Maceio,BR,2022-10-14 15:07:51,-9.6658,-35.7353,85.44,54,40,11.5
308,Bafq,IR,2022-10-14 15:10:21,31.6128,55.4107,81.0,13,1,6.67
309,Poroshkovo,UA,2022-10-14 15:10:22,48.6683,22.7533,58.01,100,94,2.35
310,Nevel,RU,2022-10-14 15:10:22,56.0209,29.9284,44.1,82,35,4.97
311,Krasnoyarka,RU,2022-10-14 15:10:23,55.3333,73.1167,49.95,42,99,13.33
312,Husavik,IS,2022-10-14 15:10:23,66.0449,-17.3389,37.08,91,100,14.45
313,Korla,CN,2022-10-14 15:10:24,41.7597,86.1469,55.51,29,0,1.21
314,Montague,US,2022-10-14 15:10:24,42.5356,-72.5351,58.37,98,100,6.46
315,Melfi,IT,2022-10-14 15:10:25,40.9965,15.6514,63.99,60,27,10.29
316,Kautokeino,NO,2022-10-14 15:10:25,69.0125,23.0412,36.23,97,85,8.72
317,Kristiinankaupunki,FI,2022-10-14 15:10:26,62.2743,21.376,49.51,92,30,9.53
318,Manaure,CO,2022-10-14 15:10:26,11.7751,-72.4445,83.89,69,98,3.27
319,Port-Gentil,GA,2022-10-14 15:08:26,-0.7193,8.7815,77.5,87,100,10.38
320,Alcaniz,ES,2022-10-14 15:10:27,41.05,-0.1333,79.47,31,6,9.17
321,Skibbereen,IE,2022-10-14 15:10:28,51.55,-9.2667,56.1,72,66,12.01
322,Aripuana,BR,2022-10-14 15:11:29,-9.1667,-60.6333,90.03,43,100,3.42
323,Dniprorudne,UA,2022-10-14 15:11:29,47.3817,34.9765,53.11,45,5,9.64
324,Morant Bay,JM,2022-10-14 15:11:30,17.8815,-76.4093,90.72,81,59,9.15
325,Mobaye,CF,2022-10-14 15:11:30,4.319,21.1786,82.33,79,100,1.3
326,Adony,HU,2022-10-14 15:11:31,47.1194,18.8649,67.03,55,24,4.23
327,Moba,CN,2022-10-14 15:11:31,33.2288,105.0179,51.69,61,100,0.65
328,Barra,BR,2022-10-14 15:11:31,-11.0894,-43.1417,91.74,29,27,4.23
329,Sars,RU,2022-10-14 15:11:32,56.5502,57.1366,43.29,87,86,3.44
330,West Bay,KY,2022-10-14 15:11:32,19.3667,-81.4167,87.06,72,77,10.65
331,Tessalit,ML,2022-10-14 15:11:33,20.1986,1.0114,100.09,6,0,13.0
332,Peniche,PT,2022-10-14 15:11:33,39.3558,-9.3811,78.3,78,9,14.76
333,Telford,GB,2022-10-14 15:07:39,52.6766,-2.4493,58.93,88,75,9.22
334,Bereda,ES,2022-10-14 15:11:34,43.2686,-7.5406,74.41,72,0,7.43
335,Nalut,LY,2022-10-14 15:11:34,30.3333,10.85,85.87,24,6,13.67
336,Botelhos,BR,2022-10-14 15:11:34,-21.6333,-46.395,83.3,34,10,4.5
337,Vanersborg,SE,2022-10-14 15:11:35,58.3807,12.3234,54.77,58,0,6.91
338,Saint-Louis,SN,2022-10-14 15:11:35,16.3333,-15.0,96.96,30,7,4.43
339,Owando,CG,2022-10-14 15:11:35,-0.4819,15.8999,81.79,73,94,5.61
340,Goundam,ML,2022-10-14 15:11:36,16.4145,-3.6708,103.35,10,16,12.8
341,Silopi,TR,2022-10-14 15:11:36,37.2497,42.4694,78.17,25,94,5.12
342,Rajka,HU,2022-10-14 15:11:36,47.9964,17.1982,66.09,71,20,3.44
343,Wajir,KE,2022-10-14 15:09:49,1.7471,40.0573,90.21,34,70,14.99
344,Uinskoye,RU,2022-10-14 15:11:37,56.8817,56.5813,46.22,81,93,1.52
345,Antalaha,MG,2022-10-14 15:11:37,-14.9003,50.2788,71.8,76,28,11.01
346,Banyo,CM,2022-10-14 15:11:37,6.75,11.8167,74.93,72,96,3.15
347,Narayanpet,IN,2022-10-14 15:11:38,16.7333,77.5,74.19,89,100,5.59
348,Haradok,BY,2022-10-14 15:11:38,55.4624,29.9816,50.11,81,17,5.48
349,Madhipura,IN,2022-10-14 15:11:38,25.9167,86.7833,75.51,67,0,7.4
350,Bhawanipatna,IN,2022-10-14 15:11:39,19.9,83.1667,75.31,91,71,1.72
351,Boyuibe,BO,2022-10-14 15:11:39,-20.4167,-63.2833,80.11,38,100,8.59
352,Rochester,US,2022-10-14 15:10:35,43.1548,-77.6156,58.71,63,20,13.8
353,Porangatu,BR,2022-10-14 15:11:40,-13.4408,-49.1486,103.08,13,64,4.27
354,Saint Anthony,US,2022-10-14 15:11:40,45.0205,-93.218,35.65,92,100,5.75
355,Conceicao Do Araguaia,BR,2022-10-14 15:11:40,-8.2578,-49.2647,106.27,17,97,3.4
356,Kharitonovo,RU,2022-10-14 15:11:41,61.4009,47.4978,38.34,84,100,3.76
357,Kormilovka,RU,2022-10-14 15:11:41,55.0026,74.1028,45.88,47,86,13.2
358,Carnarvon,AU,2022-10-14 15:09:13,-24.8667,113.6333,66.7,66,0,18.1
359,Port Blair,IN,2022-10-14 15:11:41,11.6667,92.75,81.5,75,80,2.68
360,Chardara,KZ,2022-10-14 15:11:42,41.2547,67.9692,67.35,38,39,6.76
361,Taoudenni,ML,2022-10-14 15:11:42,22.6783,-3.9836,105.01,5,75,12.53
362,Surskoye,RU,2022-10-14 15:11:42,54.4821,46.7214,48.78,48,99,8.99
363,Shambu,ET,2022-10-14 15:11:43,9.5667,37.1,54.16,89,55,0.83
364,Viedma,AR,2022-10-14 15:11:43,-40.8135,-62.9967,64.33,19,11,14.07
365,Talara,PE,2022-10-14 15:11:44,-4.5772,-81.2719,66.96,72,0,13.8
366,Ulagan,RU,2022-10-14 15:11:44,50.6321,87.9563,34.16,49,13,1.74
367,Chiredzi,ZW,2022-10-14 15:11:44,-21.05,31.6667,96.73,16,27,10.67
368,Uvira,CD,2022-10-14 15:11:45,-3.4067,29.1458,84.36,43,71,8.32
369,Sambava,MG,2022-10-14 15:11:45,-14.2667,50.1667,72.34,77,6,11.95
370,Sur,OM,2022-10-14 15:11:45,22.5667,59.5289,81.52,44,0,6.29
371,Zyryanovsk,KZ,2022-10-14 15:11:46,49.7386,84.2719,47.73,37,100,1.61
372,Ogre,LV,2022-10-14 15:12:46,56.8162,24.614,54.64,70,100,7.92
373,Pinhao,BR,2022-10-14 15:12:46,-25.6956,-51.6597,65.7,82,100,4.05
374,Saint-Francois,FR,2022-10-14 15:12:47,46.4154,3.9054,62.04,88,100,6.91
375,Nguru,NG,2022-10-14 15:08:12,12.8791,10.4526,98.55,11,80,14.56
376,Richards Bay,ZA,2022-10-14 15:10:01,-28.783,32.0377,73.47,79,80,13.13
377,Nara,JP,2022-10-14 15:11:16,34.6851,135.8049,66.49,58,2,2.59
378,Qasigiannguit,GL,2022-10-14 15:12:47,68.8193,-51.1922,23.25,63,98,5.46
379,Molteno,ZA,2022-10-14 15:12:47,-31.3968,26.3625,78.12,25,98,11.54
380,Prado,BR,2022-10-14 15:12:48,-17.3411,-39.2208,81.52,62,37,10.65
381,Tazovskiy,RU,2022-10-14 15:12:48,67.4667,78.7,39.85,81,100,14.94
382,Amalapuram,IN,2022-10-14 15:12:48,16.5833,82.0167,74.59,94,100,2.62
383,Ustye,RU,2022-10-14 15:12:49,59.6304,39.736,38.62,92,74,4.34
384,Suez,EG,2022-10-14 15:12:49,29.9737,32.5263,78.48,41,1,4.09
385,Dhidhdhoo,MV,2022-10-14 15:12:50,6.8833,73.1,81.37,78,100,16.26
386,Zalaegerszeg,HU,2022-10-14 15:12:50,46.84,16.8439,65.79,64,14,3.0
387,Bindura,ZW,2022-10-14 15:12:51,-17.3019,31.3306,88.79,16,6,9.55
388,Kemijarvi,FI,2022-10-14 15:12:51,66.7131,27.4306,42.12,92,100,2.77
389,Priiskovyy,RU,2022-10-14 15:12:51,51.9333,116.6333,34.61,58,59,12.77
390,Stavern,NO,2022-10-14 15:12:52,59.0,10.0333,52.52,91,100,15.26
391,Bambous Virieux,MU,2022-10-14 15:12:52,-20.3428,57.7575,72.21,73,40,11.5
392,Ponta Delgada,PT,2022-10-14 15:12:52,37.7333,-25.6667,74.12,83,40,11.5
393,Gurupa,BR,2022-10-14 15:12:52,-1.405,-51.64,94.8,42,79,4.99
394,Bonavista,CA,2022-10-14 15:12:53,48.6499,-53.1147,54.73,70,71,5.23
395,Praia,CV,2022-10-14 15:12:53,14.9215,-23.5087,84.74,70,75,16.11
396,Hofn,IS,2022-10-14 15:12:54,64.2539,-15.2082,44.62,53,20,14.97
397,Olinda,BR,2022-10-14 15:12:54,-8.0089,-34.8553,83.93,61,40,12.66
398,Mabaruma,GY,2022-10-14 15:12:54,8.2,-59.7833,89.01,54,100,2.98
399,Saly,HU,2022-10-14 15:12:55,47.95,20.6667,57.42,66,97,1.95
400,Porbandar,IN,2022-10-14 15:12:55,21.6422,69.6093,85.48,46,32,9.53
401,Duzce,TR,2022-10-14 15:12:55,40.8389,31.1639,60.57,89,100,1.57
402,Rio Grande,BR,2022-10-14 15:12:56,-32.035,-52.0986,62.71,54,10,14.85
403,Valparaiso,CL,2022-10-14 15:08:05,-33.0393,-71.6273,77.23,45,0,13.8
404,Rio Gallegos,AR,2022-10-14 15:12:56,-51.6226,-69.2181,59.05,33,75,23.02
405,Mana,GF,2022-10-14 15:12:56,5.6592,-53.7767,83.61,74,37,9.57
406,Cattolica,IT,2022-10-14 15:12:57,43.9575,12.7376,69.87,66,0,5.75
407,Fenoarivo Atsinanana,MG,2022-10-14 15:12:57,-17.3667,49.4167,70.56,80,5,7.52
408,Riberalta,BO,2022-10-14 15:12:57,-10.9833,-66.1,88.23,55,95,3.78
409,Laguna,US,2022-10-14 15:12:58,38.421,-121.4238,66.78,93,0,4.61
410,Kushmurun,KZ,2022-10-14 15:12:58,52.4503,64.6311,50.41,61,84,7.76
411,Jales,BR,2022-10-14 15:12:58,-20.2689,-50.5458,92.89,21,46,5.28
412,Dalvik,IS,2022-10-14 15:08:56,65.9702,-18.5286,36.59,97,100,18.68
413,Tiznit,MA,2022-10-14 15:12:59,29.5833,-9.5,87.57,12,2,8.99
414,Eucaliptus,BO,2022-10-14 15:12:59,-17.5833,-67.5167,56.35,28,44,11.16
415,Manaus,BR,2022-10-14 15:13:00,-3.1019,-60.025,84.7,74,40,6.91
416,Pangani,TZ,2022-10-14 15:13:00,-5.4333,38.9667,76.69,69,0,15.1
417,Marzuq,YE,2022-10-14 15:14:00,14.4,46.4667,75.99,44,14,8.57
418,Shache,CN,2022-10-14 15:14:01,38.4167,77.2406,58.71,14,0,6.71
419,Kiruna,SE,2022-10-14 15:14:01,67.8557,20.2251,36.52,70,0,3.44
420,Constantine,DZ,2022-10-14 15:14:01,36.365,6.6147,74.61,38,20,8.05
421,Grand Gaube,MU,2022-10-14 15:14:02,-20.0064,57.6608,72.37,65,1,8.99
422,Qarqin,AF,2022-10-14 15:14:02,37.4185,66.0436,74.98,11,51,6.58
423,Aktash,RU,2022-10-14 15:14:03,50.3,87.7333,25.99,46,10,2.48
424,Mayahi,NE,2022-10-14 15:14:03,13.9553,7.6712,98.76,12,97,12.28
425,Villa Del Rosario,CO,2022-10-14 15:14:03,7.8339,-72.4742,79.18,83,75,2.3
426,Ikom,NG,2022-10-14 15:14:04,5.9667,8.7063,77.0,90,100,2.3
427,Hun,LY,2022-10-14 15:14:04,29.1268,15.9477,87.87,31,100,16.35
428,Rock Sound,BS,2022-10-14 15:10:00,24.9,-76.2,82.81,74,100,11.03
429,Cockburn Town,TC,2022-10-14 15:14:05,21.4612,-71.1419,84.16,70,40,13.8
430,Novoderevyankovskaya,RU,2022-10-14 15:14:05,46.3231,38.7472,54.88,44,1,8.68
431,Balakovo,RU,2022-10-14 15:14:05,52.0278,47.8007,46.69,60,68,6.04
432,Cabedelo,BR,2022-10-14 15:09:52,-6.9811,-34.8339,86.67,62,43,15.5
433,Manitouwadge,CA,2022-10-14 15:14:06,49.1215,-85.8403,36.97,95,100,3.27
434,Catamarca,AR,2022-10-14 15:14:06,-28.4696,-65.7852,73.58,25,0,5.99
435,Dehloran,IR,2022-10-14 15:14:07,32.6941,47.2679,86.56,16,0,2.98
436,Mehamn,NO,2022-10-14 15:14:07,71.0357,27.8492,35.55,93,0,3.44
437,Newcastleton,GB,2022-10-14 15:14:07,55.1796,-2.8127,54.03,85,21,11.07
438,Matagami,CA,2022-10-14 15:14:08,49.7502,-77.6328,48.31,87,100,13.8
439,Ngaoundere,CM,2022-10-14 15:14:08,7.3167,13.5833,72.59,87,60,6.08
440,Guane,CU,2022-10-14 15:14:09,22.2025,-84.0875,83.21,71,99,3.76
441,Urengoy,RU,2022-10-14 15:14:09,65.9667,78.3667,37.78,78,100,14.79
442,Puerto Colombia,CO,2022-10-14 15:14:09,10.9878,-74.9547,84.29,68,70,2.86
443,Storslett,NO,2022-10-14 15:14:10,69.7678,21.0247,37.4,87,0,3.44
444,Luxeuil-Les-Bains,FR,2022-10-14 15:14:10,47.8171,6.365,60.42,94,100,12.66
445,Lulea,SE,2022-10-14 15:14:10,65.5842,22.1547,42.87,87,0,3.44
446,Iralaya,HN,2022-10-14 15:14:11,15.0,-83.2333,83.68,75,63,3.27
447,Deoria,IN,2022-10-14 15:14:11,26.5047,83.7872,75.43,67,0,5.46
448,Cutler Ridge,US,2022-10-14 15:14:11,25.5783,-80.3377,84.02,82,75,5.75
449,Sinnamary,GF,2022-10-14 15:14:12,5.3833,-52.95,84.9,70,44,10.71
450,Melchor De Mencos,GT,2022-10-14 15:14:12,17.0686,-89.1522,81.27,83,99,1.41
451,Srivardhan,IN,2022-10-14 15:14:12,18.0333,73.0167,80.69,84,96,2.33
452,Nouakchott,MR,2022-10-14 15:09:18,18.0858,-15.9785,87.73,57,13,7.81
453,Bell Ville,AR,2022-10-14 15:14:13,-32.6259,-62.6887,62.8,15,32,12.77
454,Aksu,CN,2022-10-14 15:14:13,41.1231,80.2644,59.63,23,4,2.57
455,Menzelinsk,RU,2022-10-14 15:10:24,55.7271,53.1026,45.43,87,99,9.82
456,Pedro Betancourt,CU,2022-10-14 15:14:14,22.7272,-81.29,84.74,71,100,1.63
457,Najran,SA,2022-10-14 15:14:14,17.4924,44.1277,79.45,11,5,10.31
458,Balad,IQ,2022-10-14 15:14:15,34.0164,44.1453,85.28,17,0,0.87
459,Nuuk,GL,2022-10-14 15:14:16,64.1835,-51.7216,27.21,68,40,13.8
460,Puerto Leguizamo,CO,2022-10-14 15:14:16,-0.1934,-74.7819,91.06,46,83,4.27
461,Fereydun Kenar,IR,2022-10-14 15:14:16,36.6864,52.5225,73.2,60,3,1.66
462,Poltavka,RU,2022-10-14 15:14:17,54.3663,71.7632,51.6,40,31,5.48
463,Kashi,CN,2022-10-14 15:14:17,39.4547,75.9797,58.89,20,0,3.78
464,Pontiac,US,2022-10-14 15:12:08,42.6389,-83.2911,50.14,54,75,9.22
465,Ilinskiy,RU,2022-10-14 15:15:18,55.619,38.1182,44.53,70,75,4.47
466,Koungou,YT,2022-10-14 15:15:19,-12.7336,45.2042,78.51,69,0,9.22
467,Mitu,CO,2022-10-14 15:15:19,1.1983,-70.1733,87.22,62,25,4.36
468,Tirumullaivasal,IN,2022-10-14 15:15:20,11.2333,79.8333,81.54,75,63,7.45
469,Rabo De Peixe,PT,2022-10-14 15:15:20,37.8,-25.5833,74.71,78,20,11.5
470,Alghero,IT,2022-10-14 15:14:53,40.5589,8.3181,73.49,73,75,9.22
471,Atocha,BO,2022-10-14 15:15:21,-20.9333,-66.2333,52.74,30,37,10.76
472,Vereshchagino,RU,2022-10-14 15:15:21,58.0789,54.6557,43.65,90,100,1.81
473,Carutapera,BR,2022-10-14 15:15:22,-1.195,-46.02,86.88,61,91,11.23
474,Peruibe,BR,2022-10-14 15:15:22,-24.32,-46.9983,74.68,81,99,6.87
475,Vila Do Maio,CV,2022-10-14 15:15:22,15.1333,-23.2167,84.99,76,86,9.35
476,Chernyshkovskiy,RU,2022-10-14 15:15:23,48.4219,42.2308,51.03,55,96,8.41
477,Lamu,KE,2022-10-14 15:15:23,-2.2717,40.902,79.02,78,66,13.8
478,Kerchevskiy,RU,2022-10-14 15:15:23,59.946,56.2884,46.2,87,100,3.24
479,Nata,PA,2022-10-14 15:15:24,8.3333,-80.5167,82.27,78,36,8.25
480,Morondava,MG,2022-10-14 15:15:25,-20.2833,44.2833,78.19,74,40,13.33
481,Nangomba,TZ,2022-10-14 15:15:25,-10.9,38.5,90.41,20,0,3.56
482,Kalaleh,IR,2022-10-14 15:15:25,37.3807,55.4916,74.8,57,0,6.91
483,Ponferrada,ES,2022-10-14 15:15:26,42.5466,-6.5962,80.28,40,5,1.99
484,Vila Velha,BR,2022-10-14 15:15:26,-20.3297,-40.2925,84.15,72,20,16.11
485,Aanekoski,FI,2022-10-14 15:15:27,62.6946,25.818,48.85,100,100,7.72
486,Trinidad,BO,2022-10-14 15:15:27,-14.8333,-64.9,82.38,65,75,11.5
487,Syasstroy,RU,2022-10-14 15:15:28,60.1367,32.5691,45.54,90,100,10.33
488,Siemiatycze,PL,2022-10-14 15:15:28,52.4272,22.8623,54.99,70,100,6.85
489,Rockland,US,2022-10-14 15:15:29,41.1668,-74.0496,58.17,84,11,1.01
490,Rocha,UY,2022-10-14 15:15:29,-34.4833,-54.3333,57.6,43,6,11.32
491,Oistins,BB,2022-10-14 15:15:30,13.0667,-59.5333,87.89,70,20,12.66
492,Takoradi,GH,2022-10-14 15:15:30,4.8845,-1.7554,80.69,77,100,13.11
493,Nokaneng,BW,2022-10-14 15:11:24,-19.6667,22.2667,98.83,8,45,8.81
494,Boda,CF,2022-10-14 15:15:31,4.3189,17.4695,78.42,88,89,3.65
495,Coruripe,BR,2022-10-14 15:12:29,-10.1256,-36.1756,81.72,57,84,11.07
496,Lucapa,AO,2022-10-14 15:15:32,-8.4192,20.7447,88.23,32,94,9.6
497,Luanda,AO,2022-10-14 15:10:35,-8.8368,13.2343,82.4,69,40,14.97
498,Stromness,GB,2022-10-14 15:11:05,58.965,-3.296,48.16,62,100,22.01
499,Quime,BO,2022-10-14 15:15:32,-16.9833,-67.2167,57.63,56,99,9.78
500,Montes Altos,BR,2022-10-14 15:15:32,-5.8333,-47.0667,95.92,32,81,7.25
501,Manta,EC,2022-10-14 15:15:33,-0.95,-80.7333,74.98,78,75,3.44
502,Xai-Xai,MZ,2022-10-14 15:15:33,-25.0519,33.6442,78.1,64,0,14.09
503,Diplo,PK,2022-10-14 15:15:33,24.4667,69.584,88.07,28,0,8.21
504,Khairpur,PK,2022-10-14 15:15:34,27.5295,68.7617,82.4,19,0,6.71
505,Telimele,GN,2022-10-14 15:15:34,10.9167,-13.3333,85.95,55,53,2.08
506,Verkhnyaya Tura,RU,2022-10-14 15:15:35,58.3594,59.8175,44.92,86,100,2.57
507,Atasu,KZ,2022-10-14 15:15:35,48.6814,71.6433,55.99,24,81,6.06
508,Gambo,CF,2022-10-14 15:15:35,4.6482,22.2633,86.02,62,100,1.86
509,Coronel Bogado,PY,2022-10-14 15:16:36,-27.1833,-56.3,77.49,53,7,8.88
510,Moose Factory,CA,2022-10-14 15:16:36,51.2585,-80.6094,48.2,87,75,6.91
511,San Andres,CO,2022-10-14 15:14:21,12.5847,-81.7006,84.22,74,40,10.36
512,Medea,DZ,2022-10-14 15:16:37,36.2642,2.7539,72.12,35,5,5.75
513,Orzu,TJ,2022-10-14 15:16:37,37.5593,68.8184,63.0,13,6,0.2
514,Gerash,IR,2022-10-14 15:16:38,27.6652,54.1371,84.34,22,0,5.75
515,Kongolo,CD,2022-10-14 15:16:38,-5.3833,27.0,95.85,22,10,0.78
516,Parambu,BR,2022-10-14 15:14:31,-6.2111,-40.6944,93.81,27,42,9.53
517,Joshimath,IN,2022-10-14 15:16:38,30.5667,79.5667,54.41,64,7,6.85
518,Manali,IN,2022-10-14 15:16:39,13.1667,80.2667,84.29,76,99,7.52
519,Derzhavinsk,KZ,2022-10-14 15:16:39,51.1,66.3167,52.43,49,75,6.89
520,La Primavera,CO,2022-10-14 15:16:07,5.4906,-70.4092,87.04,62,82,7.38
521,Brasileia,BR,2022-10-14 15:16:39,-11.0161,-68.7481,81.05,78,75,9.22
522,Droitwich,GB,2022-10-14 15:16:40,52.2667,-2.15,64.81,75,94,9.71
523,San Nicola,IT,2022-10-14 15:16:40,40.6116,8.991,68.25,77,90,12.12
524,Aliwal North,ZA,2022-10-14 15:16:40,-30.6937,26.7114,87.39,13,99,12.59
525,Mangochi,MW,2022-10-14 15:16:41,-14.4782,35.2645,90.0,20,0,2.91
526,Onega,RU,2022-10-14 15:16:41,63.9061,38.1404,46.26,88,100,6.87
527,Bristol,US,2022-10-14 15:16:42,41.8334,-71.1662,67.96,87,100,3.0
528,Mysen,NO,2022-10-14 15:16:42,59.5535,11.3258,52.68,79,100,10.27
529,Shepsi,RU,2022-10-14 15:16:42,44.0361,39.1489,63.27,54,96,6.2
530,Lansing,US,2022-10-14 15:16:43,42.7325,-84.5555,48.58,57,100,9.22
531,Domoni,KM,2022-10-14 15:16:43,-12.2569,44.5319,75.61,75,86,2.15
532,Kleive,NO,2022-10-14 15:16:43,62.7954,7.6359,48.52,81,75,13.8
533,Muscat,OM,2022-10-14 15:16:43,23.6139,58.5922,84.22,41,0,8.7
534,San Rafael,AR,2022-10-14 15:14:49,-34.6177,-68.3301,61.23,13,0,5.32
535,Arcachon,FR,2022-10-14 15:16:44,44.5875,-1.0519,69.42,83,100,11.5
536,Westerland,DE,2022-10-14 15:14:39,54.9079,8.3033,54.01,87,100,13.8
537,Pesaro,IT,2022-10-14 15:16:44,43.9036,12.8903,69.35,69,99,1.99
538,Ormara,PK,2022-10-14 15:16:45,25.2088,64.6357,80.49,66,0,8.05
539,Jiwani,PK,2022-10-14 15:16:45,25.05,61.7417,81.18,64,0,6.44
540,Adre,TD,2022-10-14 15:16:45,13.4667,22.2,92.1,18,29,4.72
541,Vestmanna,FO,2022-10-14 15:16:46,62.1564,-7.1664,43.72,81,100,19.57
542,Ratnagiri,IN,2022-10-14 15:13:55,16.9833,73.3,80.33,85,100,2.06
543,Maldonado,UY,2022-10-14 15:16:46,-34.6667,-54.9167,56.59,40,3,11.41
544,Cap-Chat,CA,2022-10-14 15:15:45,49.1001,-66.6821,64.4,59,100,10.6
545,Mayumba,GA,2022-10-14 15:16:47,-3.432,10.6554,79.54,80,85,10.29
546,Valdivia,CL,2022-10-14 15:13:37,-39.8142,-73.2459,57.29,52,6,4.7
547,Dakoro,NE,2022-10-14 15:16:47,14.5106,6.765,98.26,11,100,11.74
548,Gazanjyk,TM,2022-10-14 15:16:47,39.2446,55.5154,71.96,34,0,7.67
549,Shar,KZ,2022-10-14 15:16:48,49.5886,81.0453,49.55,32,8,4.25
550,Khorramshahr,IR,2022-10-14 15:16:48,30.4397,48.1664,91.36,19,0,2.3
551,Ouesso,CG,2022-10-14 15:16:48,1.6136,16.0517,76.42,95,100,2.26
552,Torrijos,ES,2022-10-14 15:16:49,39.9819,-4.2835,79.84,24,8,7.02
553,Caxito,AO,2022-10-14 15:16:49,-8.5785,13.6643,89.15,49,49,10.42
554,Henties Bay,NA,2022-10-14 15:17:49,-22.116,14.2845,61.21,80,76,8.57
555,Hermitage,US,2022-10-14 15:16:58,41.2334,-80.4487,55.81,59,75,10.36
556,Borba,BR,2022-10-14 15:17:50,-4.3878,-59.5939,95.52,40,100,3.56
557,Eten,PE,2022-10-14 15:17:50,-6.9081,-79.8642,68.25,64,0,8.05
558,Reshetylivka,UA,2022-10-14 15:17:51,49.565,34.0782,47.03,53,5,5.48
559,Bafia,CM,2022-10-14 15:17:51,4.75,11.2333,71.26,96,100,1.25
560,Yangambi,CD,2022-10-14 15:17:51,0.8102,24.4336,86.49,60,99,3.15
561,Araouane,ML,2022-10-14 15:17:52,18.9048,-3.5265,102.49,9,9,7.38
562,Bhuj,IN,2022-10-14 15:17:52,23.2667,69.6667,87.26,26,1,2.77
563,Ballina,AU,2022-10-14 15:17:52,-28.8667,153.5667,62.35,84,3,8.66
564,Gland,CH,2022-10-14 15:17:53,46.4208,6.2701,62.15,90,100,1.01
565,Birin,NP,2022-10-14 15:17:53,26.8865,88.0718,58.75,91,16,3.36
566,La Sarre,CA,2022-10-14 15:17:53,48.8002,-79.1996,47.05,72,44,12.33
